Username,Password,Name,Surename,AccountNumber,IBAN,Country,Balance
Paula49,purple,Clotilde,Littel,87889920,GT9756R654R10K429601LG625827,South Africa,62059237
Michaela21,Pizza,Cielo,King,93682607,BE32001076823004,Sudan,75972724
Kobe.Mills9,end-to-end,Maxwell,Zboncak,90215875,KW42GVGM3O1Y52635O219829189374,British Indian Ocean Territory (Chagos Archipelago),59006018
Maegan16,deploy,Esperanza,Hyatt,54324253,RO44PXSA22132O35310XRW81,Faroe Islands,41783731
Cristopher.Sawayn43,moratorium,Vicente,Roberts,88469142,TN4830156809110032007437,Democratic People's Republic of Korea,35891844
Orrin21,zero administration,Layne,Stracke,82686277,KW67LNSX674YO657121771A714G261,Cuba,96279770
Ezekiel2,Configuration,Emil,Denesik,22100429,LT634700658963009206,Liberia,62611678
Leta15,port,Jayce,McLaughlin,29505920,GB48CCLC00472369586002,Saint Pierre and Miquelon,11683379
Keanu88,e-business,Elenor,Runolfsson,91329931,RS74007873852044309104,Solomon Islands,76290585
Bettye_Kuvalis65,ADP,Samir,Crona,12624724,LV68ERUY4501I7612496R,French Guiana,49554087
Cara_Hermiston,Quality-focused,Howard,Schmidt,00551245,BE85004910066789,Sudan,91528792
Marvin_Stehr,implement,Kathryn,Konopelski,16603132,LB550856N40UJ1450R090054UO80,Brazil,71381575
Sabina44,Strategist,Tony,Morar,39937239,NO2760414600249,Martinique,86469523
Frederik95,grow,Wanda,Torphy,06917757,SI34760094400966125,Vietnam,60844950
Missouri19,Wisconsin,Ella,O'Connell,93801977,CR1500713070417627027,Mauritania,37011755
Jeff_Gusikowski,lavender,Alf,Witting,53958958,BA940519410207162082,Anguilla,80629436
Myron.Hessel,Sausages,Hector,Collins,58833857,IS625009173104200700980023,Burkina Faso,43987618
Rasheed47,Money Market Account,Deondre,Nolan,07111893,DE02906860150047946918,Luxembourg,84893829
Julius93,Plastic,Daphne,Cronin,24105956,LI47600336R1N8X239865,Denmark,98703070
Billie80,compress,Amir,Klein,50442161,TR30077474904FOA7247N00024,Qatar,71508967
Lucy.Thompson2,Bacon,Mazie,Feeney,61083643,LV16MPFZ961891140P51S,Luxembourg,55510805
Giuseppe97,cross-platform,Reagan,Kovacek,67303169,ES4720037182238513200591,Ukraine,76774286
Jeff_Feest,Plastic,Hyman,Gulgowski,62522500,XK795102007802651325,South Africa,94135054
Althea27,Money Market Account,Emmie,Franecki,49441956,NL85MBYC2590720877,Kuwait,48806312
Easter_Carter49,Gorgeous Frozen Car,Malvina,Koch,83028072,SM30N9010800553673M49280H24,Saint Martin,86530538
Alycia.Sanford77,mission-critical,Octavia,Walter,58137815,HR2801020657257010085,Switzerland,62352692
Buford_Bednar49,payment,Elenora,Hilll,88575242,LI3793922RDV264941I76,Australia,01629204
Herman.Hagenes83,Investment Account,Assunta,Jaskolski,92250660,QA46IIIK595T58D9B39Q177910948,Taiwan,94169092
Brant49,parse,Alice,Leannon,00332154,SK7643406007256055702060,Monaco,95594313
Tanya.Wehner89,Gloves,Libby,Schumm,15732169,MT16IRVS36092069563QS6252RB8NE8,Syrian Arab Republic,90032340
Reta_Kunze,Computers,Lou,Effertz,50427992,IS740034690901013600783712,Saint Lucia,90991782
Jonathon.Bartoletti,Trail,Flossie,Langosh,29484812,IL655830797220208300787,Egypt,12410538
Stephon_OKon,Vanuatu,Kaya,Cassin,57114149,LI5524962O56095329652,Australia,60891889
Elva36,Shirt,Lon,Haag,89454267,TR7200918DO6FL5B2514Z11953,Indonesia,56878310
Candida_Braun69,withdrawal,Harry,Stehr,79691787,TL936595300590029903725,Armenia,70918738
Hope.Luettgen87,program,Aaliyah,Hoeger,25242131,FR064081550061JD79939469742,Uruguay,32582443
Benton.Tromp20,Practical Wooden Pants,Veda,Conn,51268116,BA860600397100109127,Angola,86115576
Stanley_Casper,e-tailers,Delores,Cartwright,73060584,SA2174T0670F7L513184R291,Iran,62251143
Pattie0,payment,Destiny,Crist,45621796,KZ880204C232J348R9L8,Brazil,88779130
Zetta.Robel0,XML,Lamar,Denesik,62432878,PS973AAA073090947902515300265,Martinique,74287972
Jett97,e-tailers,Aurelia,Rolfson,22435254,SK7009319610414976515345,Antigua and Barbuda,96797788
Ulises.Homenick,Delaware,Joe,Bartell,65975996,NO9700164200767,Costa Rica,91915369
Marianna_Reinger54,Branding,London,Kemmer,18550134,MD51F22GM156203713347696,Austria,62587864
Seth_Ledner62,Supervisor,Abagail,Pfeffer,53461901,IS260252185362501001605007,Burundi,99630526
Daniela.Watsica23,Squares,Clint,McLaughlin,82755622,BA412080477210052169,Yemen,56691418
Elenor.Pollich47,Up-sized,Eulalia,Konopelski,44953759,MK7593079T916974A49,Seychelles,71550584
Nestor_Ernser,Buckinghamshire,Linwood,Bradtke,17900510,AD3072280671D665LU644D74,Niue,97810881
Gerard.Wilkinson59,Guarani,Wilhelmine,Lemke,07488756,SK1702058392320040664065,Georgia,11238915
Eileen.Hartmann84,Credit Card Account,Maddison,Stracke,77794680,BA420014576000840053,Cyprus,16810377
Kassandra87,Pre-emptive,Vincenza,Gerlach,62366197,LB961046T93764410A47325W3356,Virgin Islands British,43739447
Tillman.Hills,bleeding-edge,Emelie,Parisian,22141682,PK1615C99000603507007332,Andorra,77653531
Lenore10,Pizza,Lurline,Moen,08362706,FI9845003619095582,Barbados,30816602
Loyal96,Response,Moses,Stoltenberg,85906931,BE79379001107014,Brunei Darussalam,41448783
Napoleon22,Bedfordshire,Darryl,Cummerata,34176510,BG92CNUJ01108264756Y3E,Hong Kong,94359871
Cali_Jenkins30,Avon,Mikel,Rutherford,09938481,LU662323942239T0FF55,Tuvalu,21598365
Karson_Kuhic93,Plastic,Alyce,Wiza,43340476,ES6432005160800790500799,Micronesia,01990452
Fern.Jaskolski,Public-key,Bert,Murazik,75662028,AE638459080698706860226,Guam,93602429
Stuart37,Manager,Camren,Boehm,91882789,NL24XBWR0902090532,South Africa,97032430
Bella_Heidenreich,compelling,Aubrey,Schiller,00957362,SI67231707883650026,Papua New Guinea,97615279
Joshuah.Wintheiser66,Group,Otilia,Adams,18494087,BR8703063230630030088621922P0,Tuvalu,82425690
Chauncey70,Pula,Rhea,Will,88863518,MU66LQQG2325817080388004038BUU,Lithuania,99472703
Karelle.Runte,neural,Jordon,Dach,00615907,MK38198984P21859308,Greece,56631652
Abigale42,Integration,Monserrate,Trantow,58451082,BH54WQTF36898243P71N18,Ukraine,99623242
Malcolm_Jacobson58,Street,Willa,Grant,33064723,NO2980945560655,Syrian Arab Republic,51799124
Tessie_Lemke78,Data,Melisa,Oberbrunner,38436967,ME75023007007870090291,Serbia,48990832
Diana.Batz49,zero administration,Guillermo,Casper,74373539,LV98OBEL857ZN83985341,Italy,91914460
Dee_Howe,Intelligent Cotton Keyboard,Derick,Strosin,22007461,DO76TPBZ66604484806055050456,Slovenia,03916394
Katharina.Dibbert98,Chief,Cade,Boyer,79532329,LT382991147437150835,Saint Lucia,61502350
Ova_Pfeffer16,reboot,Charlene,Hamill,34723472,ME02398008770670482587,Romania,49567014
Devan8,driver,Lori,Steuber,43805109,FR7385005909284087F99AL0E52,Antigua and Barbuda,03509395
Jonatan21,Crescent,Alyson,Bailey,37393772,ES8618007002046270900372,Czech Republic,84351326
Angus_Roob30,Rustic,Reynold,Gorczany,89485689,BE77006630610059,Botswana,80616836
Izabella.McDermott0,Refined Rubber Keyboard,Keenan,Torp,40403837,QA47GVDFG451470970UH26864F1N6,Papua New Guinea,21201374
Twila_Mohr,Ergonomic,Linda,Volkman,13638433,BG34NVWX6630026W11602Y,Thailand,01712684
Cody75,Rubber,Marjorie,Jaskolski,27029001,MT95XQGA505051098347F11666P8831,French Guiana,12711968
Erin_Sipes,Papua New Guinea,Bridie,Hoppe,42924534,AZ0356Y480705600502004802715,Algeria,32536385
Aliza96,Refined,Olen,Rolfson,71431997,HR2672003100007261608,American Samoa,83534881
Declan_Kemmer70,Oklahoma,Zakary,Mosciski,15404625,BH54WRST5756W9ZL254045,Madagascar,65904283
Jamie37,interactive,Tia,Klein,36030716,IS856087650995200402406561,Guinea-Bissau,63365073
Lea_Windler45,digital,Chase,Harris,78405235,GI76CCUM39A067N56239KUR,Hong Kong,79724080
Robb95,primary,Soledad,Kreiger,02615124,RO88OUHZ7A64A462I32298S6,Djibouti,65236825
Lelia36,array,Jena,Hoppe,25929637,XK127474800908086037,Bosnia and Herzegovina,37559988
Laurence.Wisozk14,calculate,Adolf,Collins,47408400,CH4920608227C86484W35,Burundi,97936680
Joaquin22,Idaho,Mossie,Emmerich,94378919,GT470015263173O78TY265X09764,Singapore,93429912
Tod.Boyer67,Checking Account,Rogers,Schneider,64933492,AZ67SO5180738020019020520797,Lithuania,73424907
Laisha_Turner,SAS,Velva,Reynolds,96855643,GT82O2741N3872Y7KC7S35977452,Kenya,61048949
Darron.Tromp,bypassing,Eloise,Shanahan,04935491,RO79WAMRU041176D9S83224P,Burundi,35297658
Katheryn20,Cotton,Anika,Steuber,98079969,GT0735I1504U04541K3843930147,Fiji,64869715
Vallie96,Kazakhstan,Nathen,Schroeder,10913241,AE571810034072710040064,Swaziland,72150997
Beaulah.Lynch,Chief,Eveline,Raynor,58184525,TL341193310062200865250,Turkey,26873186
Marjory.Jacobs66,matrix,Ayla,Ward,00830339,IE910B3277616084270042,Norfolk Island,87554084
Electa46,vortals,Donny,Anderson,86229912,EE856427840331627375,Zambia,20844425
Fredrick_Padberg51,Internal,Ford,Kiehn,76072577,AZ3752G008020765040352006281,Tanzania,58020856
Kobe_Denesik69,bleeding-edge,Sonny,Roob,56483140,SI67008589664005002,Puerto Rico,78889459
Jamel.McDermott57,Chicken,Raymond,Dare,04592846,SI34084537669903007,Syrian Arab Republic,54251178
Dolores_Kessler89,port,Bettye,Haag,05053180,KW89DAOU4A5ES442C822507H411511,Armenia,38345520
Treva79,relationships,Hubert,Sanford,06676893,LU29009550B81DX57Q5O,Antigua and Barbuda,63709849
Cristina66,generating,Treva,Schmitt,43643101,KZ55656900D019932502,Syrian Arab Republic,43615520
Eleanore.Vandervort,bluetooth,Dorris,West,93636289,IT83K42082000603355969332J9,Christmas Island,56695890
Taylor.Klocko64,Computers,Eliseo,Raynor,75476984,TL178988001662976559592,Trinidad and Tobago,15763928
admin,admin,Ziga,Bencina,1,SI5642325524254,Slovenia,10000
zigabencina,12zi34gaZv,ziga,bencina,7304117,SI123125415,Slovenia,10000
YourMomGay420,niggerkiller,simin,vovko,8440080,,nigeria,0
nigger,nigger,joze,cvelbar,6020278,,Slovenia,48329
jozirozi21,josko,jozica,rozica,1141977,,England,537725
